{"entities":{"pages":{"starter":{"id":"starter","title":"Dlab Flow 시작하기","url":"starter.html","level":0,"tabIndex":0},"get-started":{"id":"get-started","title":"시작하기","url":"get-started.html","level":0,"pages":["resource-mng","aiproject-mng","Tutorial","How-to"],"tabIndex":1},"resource-mng":{"id":"resource-mng","title":"리소스 관리","url":"resource-mng.html","level":1,"parentId":"get-started","tabIndex":0},"aiproject-mng":{"id":"aiproject-mng","title":"AI 프로젝트 관리","url":"aiproject-mng.html","level":1,"parentId":"get-started","tabIndex":1},"Tutorial":{"id":"Tutorial","title":"Tutorial","url":"tutorial.html","level":1,"parentId":"get-started","tabIndex":2},"How-to":{"id":"How-to","title":"How to","url":"how-to.html","level":1,"parentId":"get-started","tabIndex":3}}},"topLevelIds":["starter","get-started"]}